{"cameraMode":{"drawMode":0,"name":"Shaded","section":"Shading Mode"},"sceneLighting":true,"audioPlay":false,"sceneViewState":{"m_AlwaysRefresh":false,"showFog":true,"showSkybox":true,"showFlares":true,"showImageEffects":true,"showParticleSystems":true,"showVisualEffectGraphs":true,"m_FxEnabled":true},"in2DMode":false,"pivot":{"x":1.6012120246887208,"y":-0.173656165599823,"z":0.6741649508476257},"rotation":{"x":-0.09259233623743057,"y":0.07638900727033615,"z":-0.00712480116635561,"w":-0.9927442669868469},"size":3.621767520904541,"orthographic":true}